# colibri-trace,v1
ns,forward,thread,kind,layer,eid,generation,resource
6634500922700,1,0,forward_begin,0,-1,0,24
6634503541000,1,0,route_ready,1,1,0,0
6634503541100,1,0,route_ready,1,0,0,0
6634503541200,1,0,route_ready,1,1,0,1
6634503541200,1,0,route_ready,1,0,0,1
6634503541200,1,0,route_ready,1,1,0,2
6634503541300,1,0,route_ready,1,0,0,2
6634503541300,1,0,route_ready,1,1,0,3
6634503541300,1,0,route_ready,1,0,0,3
6634503541300,1,0,route_ready,1,1,0,4
6634503541300,1,0,route_ready,1,0,0,4
6634503541400,1,0,route_ready,1,1,0,5
6634503541400,1,0,route_ready,1,0,0,5
6634503541400,1,0,route_ready,1,0,0,6
6634503541500,1,0,route_ready,1,1,0,6
6634503541500,1,0,route_ready,1,1,0,7
6634503541500,1,0,route_ready,1,0,0,7
6634503541500,1,0,route_ready,1,1,0,8
6634503541600,1,0,route_ready,1,0,0,8
6634503541600,1,0,route_ready,1,1,0,9
6634503541600,1,0,route_ready,1,0,0,9
6634503541600,1,0,route_ready,1,1,0,10
6634503541600,1,0,route_ready,1,0,0,10
6634503541700,1,0,route_ready,1,1,0,11
6634503541700,1,0,route_ready,1,0,0,11
6634503541700,1,0,route_ready,1,0,0,12
6634503541700,1,0,route_ready,1,1,0,12
6634503541800,1,0,route_ready,1,1,0,13
6634503541800,1,0,route_ready,1,0,0,13
6634503541800,1,0,route_ready,1,1,0,14
6634503541800,1,0,route_ready,1,0,0,14
6634503541800,1,0,route_ready,1,1,0,15
6634503541900,1,0,route_ready,1,0,0,15
6634503541900,1,0,route_ready,1,0,0,16
6634503541900,1,0,route_ready,1,1,0,16
6634503541900,1,0,route_ready,1,1,0,17
6634503542000,1,0,route_ready,1,0,0,17
6634503542000,1,0,route_ready,1,1,0,18
6634503542000,1,0,route_ready,1,0,0,18
6634503542000,1,0,route_ready,1,0,0,19
6634503542000,1,0,route_ready,1,1,0,19
6634503542100,1,0,route_ready,1,1,0,20
6634503542100,1,0,route_ready,1,0,0,20
6634503542100,1,0,route_ready,1,1,0,21
6634503542100,1,0,route_ready,1,0,0,21
6634503542200,1,0,route_ready,1,1,0,22
6634503542200,1,0,route_ready,1,0,0,22
6634503542200,1,0,route_ready,1,1,0,23
6634503542200,1,0,route_ready,1,0,0,23
6634503698900,1,0,load_queued,1,1,1,0
6634503699000,1,0,load_queued,1,0,1,1
6634503746800,1,0,consumer_wait_begin,1,1,1,0
6634503805000,1,0,consumer_wait_end,1,1,1,0
6634503808800,1,0,compute_start,1,1,0,0
6634503923500,1,0,compute_end,1,1,0,0
6634503924200,1,0,compute_start,1,0,0,1
6634504022800,1,0,compute_end,1,0,0,1
6634504120900,1,0,forward_end,1,-1,0,24
6634504815100,2,0,forward_begin,0,-1,0,4
6634505450500,2,0,route_ready,1,1,0,0
6634505450500,2,0,route_ready,1,0,0,0
6634505450500,2,0,route_ready,1,1,0,1
6634505450600,2,0,route_ready,1,0,0,1
6634505450600,2,0,route_ready,1,1,0,2
6634505450600,2,0,route_ready,1,0,0,2
6634505450600,2,0,route_ready,1,1,0,3
6634505450700,2,0,route_ready,1,0,0,3
6634505451600,2,0,weight_lru,1,1,0,0
6634505451700,2,0,weight_lru,1,0,0,1
6634505451900,2,0,compute_start,1,1,0,0
6634505539000,2,0,compute_end,1,1,0,0
6634505539400,2,0,compute_start,1,0,0,1
6634505624600,2,0,compute_end,1,0,0,1
6634505711900,2,0,forward_end,1,-1,0,4
6634505738200,3,0,forward_begin,0,-1,0,1
6634506103300,3,0,msa_scan_begin,1,-1,0,2
6634506103400,3,0,msa_scan_end,1,-1,0,2
6634506103500,3,0,msa_select_begin,1,-1,0,2
6634506103700,3,0,msa_select_end,1,-1,0,2
6634506188100,3,0,route_ready,1,1,0,0
6634506188100,3,0,route_ready,1,0,0,0
6634506188700,3,0,weight_lru,1,1,0,0
6634506188800,3,0,weight_lru,1,0,0,1
6634506188900,3,0,compute_start,1,1,0,0
6634506275300,3,0,compute_end,1,1,0,0
6634506275600,3,0,compute_start,1,0,0,1
6634506361700,3,0,compute_end,1,0,0,1
6634506448400,3,0,forward_end,1,-1,0,1
6634506474700,4,0,forward_begin,0,-1,0,1
6634506850900,4,0,msa_scan_begin,1,-1,0,2
6634506851100,4,0,msa_scan_end,1,-1,0,2
6634506851200,4,0,msa_select_begin,1,-1,0,2
6634506851400,4,0,msa_select_end,1,-1,0,2
6634506936800,4,0,route_ready,1,1,0,0
6634506936800,4,0,route_ready,1,0,0,0
6634506937200,4,0,weight_lru,1,1,0,0
6634506937300,4,0,weight_lru,1,0,0,1
6634506937400,4,0,compute_start,1,1,0,0
6634507023000,4,0,compute_end,1,1,0,0
6634507024800,4,0,compute_start,1,0,0,1
6634507110000,4,0,compute_end,1,0,0,1
6634507194100,4,0,forward_end,1,-1,0,1
6634507222400,5,0,forward_begin,0,-1,0,1
6634507590600,5,0,msa_scan_begin,1,-1,0,2
6634507590800,5,0,msa_scan_end,1,-1,0,2
6634507590800,5,0,msa_select_begin,1,-1,0,2
6634507590900,5,0,msa_select_end,1,-1,0,2
6634507679500,5,0,route_ready,1,0,0,0
6634507679500,5,0,route_ready,1,1,0,0
6634507680000,5,0,weight_lru,1,0,0,0
6634507680100,5,0,weight_lru,1,1,0,1
6634507680200,5,0,compute_start,1,0,0,0
6634507766200,5,0,compute_end,1,0,0,0
6634507766400,5,0,compute_start,1,1,0,1
6634507849100,5,0,compute_end,1,1,0,1
6634507940500,5,0,forward_end,1,-1,0,1
6634507966000,6,0,forward_begin,0,-1,0,1
6634508416000,6,0,msa_scan_begin,1,-1,0,2
6634508416100,6,0,msa_scan_end,1,-1,0,2
6634508416200,6,0,msa_select_begin,1,-1,0,2
6634508416300,6,0,msa_select_end,1,-1,0,2
6634508499300,6,0,route_ready,1,1,0,0
6634508499300,6,0,route_ready,1,0,0,0
6634508499700,6,0,weight_lru,1,1,0,0
6634508499800,6,0,weight_lru,1,0,0,1
6634508499900,6,0,compute_start,1,1,0,0
6634508586600,6,0,compute_end,1,1,0,0
6634508586900,6,0,compute_start,1,0,0,1
6634508669200,6,0,compute_end,1,0,0,1
6634508754900,6,0,forward_end,1,-1,0,1
6634508783700,7,0,forward_begin,0,-1,0,1
6634509150200,7,0,msa_scan_begin,1,-1,0,3
6634509150400,7,0,msa_scan_end,1,-1,0,3
6634509150500,7,0,msa_select_begin,1,-1,0,3
6634509150600,7,0,msa_select_end,1,-1,0,3
6634509237500,7,0,route_ready,1,1,0,0
6634509237500,7,0,route_ready,1,0,0,0
6634509237900,7,0,weight_lru,1,1,0,0
6634509238000,7,0,weight_lru,1,0,0,1
6634509238100,7,0,compute_start,1,1,0,0
6634509326200,7,0,compute_end,1,1,0,0
6634509326400,7,0,compute_start,1,0,0,1
6634509411600,7,0,compute_end,1,0,0,1
6634509499100,7,0,forward_end,1,-1,0,1
6634509530600,8,0,forward_begin,0,-1,0,1
6634509888400,8,0,msa_scan_begin,1,-1,0,3
6634509888700,8,0,msa_scan_end,1,-1,0,3
6634509888700,8,0,msa_select_begin,1,-1,0,3
6634509888900,8,0,msa_select_end,1,-1,0,3
6634509979300,8,0,route_ready,1,1,0,0
6634509979300,8,0,route_ready,1,0,0,0
6634509979700,8,0,weight_lru,1,1,0,0
6634509979700,8,0,weight_lru,1,0,0,1
6634509979800,8,0,compute_start,1,1,0,0
6634510067100,8,0,compute_end,1,1,0,0
6634510067400,8,0,compute_start,1,0,0,1
6634510151900,8,0,compute_end,1,0,0,1
6634510240600,8,0,forward_end,1,-1,0,1
6634510266000,9,0,forward_begin,0,-1,0,1
6634510625500,9,0,msa_scan_begin,1,-1,0,3
6634510625800,9,0,msa_scan_end,1,-1,0,3
6634510625900,9,0,msa_select_begin,1,-1,0,3
6634510626000,9,0,msa_select_end,1,-1,0,3
6634510708900,9,0,route_ready,1,1,0,0
6634510708900,9,0,route_ready,1,0,0,0
6634510709400,9,0,weight_lru,1,1,0,0
6634510709400,9,0,weight_lru,1,0,0,1
6634510709500,9,0,compute_start,1,1,0,0
6634510795700,9,0,compute_end,1,1,0,0
6634510795900,9,0,compute_start,1,0,0,1
6634510878900,9,0,compute_end,1,0,0,1
6634510966600,9,0,forward_end,1,-1,0,1
6634510994400,10,0,forward_begin,0,-1,0,1
6634511357800,10,0,msa_scan_begin,1,-1,0,3
6634511358000,10,0,msa_scan_end,1,-1,0,3
6634511358000,10,0,msa_select_begin,1,-1,0,3
6634511358100,10,0,msa_select_end,1,-1,0,3
6634511439400,10,0,route_ready,1,1,0,0
6634511439400,10,0,route_ready,1,0,0,0
6634511439800,10,0,weight_lru,1,1,0,0
6634511439800,10,0,weight_lru,1,0,0,1
6634511439900,10,0,compute_start,1,1,0,0
6634511522000,10,0,compute_end,1,1,0,0
6634511522300,10,0,compute_start,1,0,0,1
6634511610400,10,0,compute_end,1,0,0,1
6634511696700,10,0,forward_end,1,-1,0,1
6634511722300,11,0,forward_begin,0,-1,0,1
6634512085900,11,0,msa_scan_begin,1,-1,0,4
6634512086100,11,0,msa_scan_end,1,-1,0,4
6634512086200,11,0,msa_select_begin,1,-1,0,4
6634512086300,11,0,msa_select_end,1,-1,0,4
6634512175200,11,0,route_ready,1,0,0,0
6634512175300,11,0,route_ready,1,1,0,0
6634512175800,11,0,weight_lru,1,0,0,0
6634512175800,11,0,weight_lru,1,1,0,1
6634512176000,11,0,compute_start,1,0,0,0
6634512264400,11,0,compute_end,1,0,0,0
6634512264600,11,0,compute_start,1,1,0,1
6634512349100,11,0,compute_end,1,1,0,1
6634512434100,11,0,forward_end,1,-1,0,1
6634512462300,12,0,forward_begin,0,-1,0,1
6634512833400,12,0,msa_scan_begin,1,-1,0,4
6634512835700,12,0,msa_scan_end,1,-1,0,4
6634512835700,12,0,msa_select_begin,1,-1,0,4
6634512835900,12,0,msa_select_end,1,-1,0,4
6634512919200,12,0,route_ready,1,1,0,0
6634512919200,12,0,route_ready,1,0,0,0
6634512919700,12,0,weight_lru,1,1,0,0
6634512919700,12,0,weight_lru,1,0,0,1
6634512919800,12,0,compute_start,1,1,0,0
6634513010600,12,0,compute_end,1,1,0,0
6634513010800,12,0,compute_start,1,0,0,1
6634513095400,12,0,compute_end,1,0,0,1
6634513179200,12,0,forward_end,1,-1,0,1
6634513206400,13,0,forward_begin,0,-1,0,1
6634513581000,13,0,msa_scan_begin,1,-1,0,4
6634513581200,13,0,msa_scan_end,1,-1,0,4
6634513581300,13,0,msa_select_begin,1,-1,0,4
6634513581400,13,0,msa_select_end,1,-1,0,4
6634513715600,13,0,route_ready,1,1,0,0
6634513715700,13,0,route_ready,1,0,0,0
6634513716200,13,0,weight_lru,1,1,0,0
6634513716200,13,0,weight_lru,1,0,0,1
6634513716300,13,0,compute_start,1,1,0,0
6634513813900,13,0,compute_end,1,1,0,0
6634513814200,13,0,compute_start,1,0,0,1
6634513901000,13,0,compute_end,1,0,0,1
6634513984700,13,0,forward_end,1,-1,0,1
6634514011700,14,0,forward_begin,0,-1,0,1
6634514385700,14,0,msa_scan_begin,1,-1,0,4
6634514386100,14,0,msa_scan_end,1,-1,0,4
6634514386100,14,0,msa_select_begin,1,-1,0,4
6634514386300,14,0,msa_select_end,1,-1,0,4
6634514463900,14,0,route_ready,1,1,0,0
6634514463900,14,0,route_ready,1,0,0,0
6634514464400,14,0,weight_lru,1,1,0,0
6634514464400,14,0,weight_lru,1,0,0,1
6634514464500,14,0,compute_start,1,1,0,0
6634514545000,14,0,compute_end,1,1,0,0
6634514545200,14,0,compute_start,1,0,0,1
6634514631100,14,0,compute_end,1,0,0,1
6634514715700,14,0,forward_end,1,-1,0,1
6634514741400,15,0,forward_begin,0,-1,0,1
6634515096000,15,0,msa_scan_begin,1,-1,0,5
6634515096400,15,0,msa_scan_end,1,-1,0,5
6634515096400,15,0,msa_select_begin,1,-1,0,5
6634515096600,15,0,msa_select_end,1,-1,0,5
6634515181300,15,0,route_ready,1,0,0,0
6634515181300,15,0,route_ready,1,1,0,0
6634515181700,15,0,weight_lru,1,0,0,0
6634515181700,15,0,weight_lru,1,1,0,1
6634515181800,15,0,compute_start,1,0,0,0
6634515264200,15,0,compute_end,1,0,0,0
6634515264400,15,0,compute_start,1,1,0,1
6634515349000,15,0,compute_end,1,1,0,1
6634515438700,15,0,forward_end,1,-1,0,1
6634515466200,16,0,forward_begin,0,-1,0,1
6634515838500,16,0,msa_scan_begin,1,-1,0,5
6634515838800,16,0,msa_scan_end,1,-1,0,5
6634515838900,16,0,msa_select_begin,1,-1,0,5
6634515839000,16,0,msa_select_end,1,-1,0,5
6634515928400,16,0,route_ready,1,1,0,0
6634515928400,16,0,route_ready,1,0,0,0
6634515928800,16,0,weight_lru,1,1,0,0
6634515928800,16,0,weight_lru,1,0,0,1
6634515928900,16,0,compute_start,1,1,0,0
6634516012400,16,0,compute_end,1,1,0,0
6634516012600,16,0,compute_start,1,0,0,1
6634516093700,16,0,compute_end,1,0,0,1
6634516183200,16,0,forward_end,1,-1,0,1
6634516210100,17,0,forward_begin,0,-1,0,1
6634516766000,17,0,msa_scan_begin,1,-1,0,5
6634516766400,17,0,msa_scan_end,1,-1,0,5
6634516766400,17,0,msa_select_begin,1,-1,0,5
6634516766600,17,0,msa_select_end,1,-1,0,5
6634516851400,17,0,route_ready,1,1,0,0
6634516851500,17,0,route_ready,1,0,0,0
6634516851900,17,0,weight_lru,1,1,0,0
6634516851900,17,0,weight_lru,1,0,0,1
6634516852000,17,0,compute_start,1,1,0,0
6634516932600,17,0,compute_end,1,1,0,0
6634516932700,17,0,compute_start,1,0,0,1
6634517015200,17,0,compute_end,1,0,0,1
6634517101500,17,0,forward_end,1,-1,0,1
6634517132400,18,0,forward_begin,0,-1,0,1
6634517500700,18,0,msa_scan_begin,1,-1,0,5
6634517501000,18,0,msa_scan_end,1,-1,0,5
6634517501100,18,0,msa_select_begin,1,-1,0,5
6634517501200,18,0,msa_select_end,1,-1,0,5
6634517588700,18,0,route_ready,1,0,0,0
6634517588700,18,0,route_ready,1,1,0,0
6634517589100,18,0,weight_lru,1,0,0,0
6634517589200,18,0,weight_lru,1,1,0,1
6634517589300,18,0,compute_start,1,0,0,0
6634517669500,18,0,compute_end,1,0,0,0
6634517669800,18,0,compute_start,1,1,0,1
6634517751300,18,0,compute_end,1,1,0,1
6634517836300,18,0,forward_end,1,-1,0,1
6634517863900,19,0,forward_begin,0,-1,0,1
6634518215200,19,0,msa_scan_begin,1,-1,0,6
6634518215700,19,0,msa_scan_end,1,-1,0,6
6634518215800,19,0,msa_select_begin,1,-1,0,6
6634518216000,19,0,msa_select_end,1,-1,0,6
6634518294300,19,0,route_ready,1,1,0,0
6634518296600,19,0,route_ready,1,0,0,0
6634518297000,19,0,weight_lru,1,1,0,0
6634518297100,19,0,weight_lru,1,0,0,1
6634518297200,19,0,compute_start,1,1,0,0
6634518377200,19,0,compute_end,1,1,0,0
6634518377500,19,0,compute_start,1,0,0,1
6634518461500,19,0,compute_end,1,0,0,1
6634518544900,19,0,forward_end,1,-1,0,1
6634518573700,20,0,forward_begin,0,-1,0,1
6634518938100,20,0,msa_scan_begin,1,-1,0,6
6634518938600,20,0,msa_scan_end,1,-1,0,6
6634518938600,20,0,msa_select_begin,1,-1,0,6
6634518938800,20,0,msa_select_end,1,-1,0,6
6634519025500,20,0,route_ready,1,1,0,0
6634519025500,20,0,route_ready,1,0,0,0
6634519025900,20,0,weight_lru,1,1,0,0
6634519026000,20,0,weight_lru,1,0,0,1
6634519026100,20,0,compute_start,1,1,0,0
6634519117400,20,0,compute_end,1,1,0,0
6634519117600,20,0,compute_start,1,0,0,1
6634519205500,20,0,compute_end,1,0,0,1
6634519319100,20,0,forward_end,1,-1,0,1
6634519359800,21,0,forward_begin,0,-1,0,1
6634519743900,21,0,msa_scan_begin,1,-1,0,6
6634519744300,21,0,msa_scan_end,1,-1,0,6
6634519744300,21,0,msa_select_begin,1,-1,0,6
6634519744500,21,0,msa_select_end,1,-1,0,6
6634519833100,21,0,route_ready,1,1,0,0
6634519833200,21,0,route_ready,1,0,0,0
6634519833600,21,0,weight_lru,1,1,0,0
6634519833700,21,0,weight_lru,1,0,0,1
6634519833800,21,0,compute_start,1,1,0,0
6634519922000,21,0,compute_end,1,1,0,0
6634519922100,21,0,compute_start,1,0,0,1
6634520011500,21,0,compute_end,1,0,0,1
6634520098600,21,0,forward_end,1,-1,0,1
6634503731000,1,1,load_start,1,1,1,0
6634503805100,1,1,load_complete,1,1,1,0
6634503747300,1,2,load_start,1,0,1,1
6634503795700,1,2,load_complete,1,0,1,1
